{
  "checkpoint": "runs/baseline_20251123T005114Z/best_unet.pt",
  "dataset_split": "Test",
  "num_samples": 10905,
  "metrics": {
    "accuracy": 0.7260889500229253,
    "precision": 0.705025372401375,
    "recall": 0.784231609613984,
    "f1_score": 0.7425221963623826,
    "roc_auc": 0.7967321495054728
  },
  "confusion_matrix": {
    "true_negative": 3611,
    "false_positive": 1802,
    "false_negative": 1185,
    "true_positive": 4307
  }
}